rightfoot,leftfoot
3.8538433,8.245047
10.138678299999999,11.766207999999999
