rightfoot,leftfoot
7.5234377,9.8612789
