rightfoot,leftfoot
6.9122103,9.0329049
