rightfoot,leftfoot
6.731969299999999,8.1536943
