rightfoot,leftfoot
8.5370836,9.5496466
10.1491471,11.7070561
12.268915600000001,12.8174203
13.3855371,13.932414900000001
