rightfoot,leftfoot
6.8545251,7.9568162
8.4431069,9.0429549
9.6139384,10.163764500000001
10.7326259,12.319937900000001
