rightfoot,leftfoot
6.1457638999999995,7.2756283999999996
7.915781,9.271537700000001
9.8336225,10.3334325
