rightfoot,leftfoot
6.7730415,7.832882499999999
9.1997228,10.659131
