rightfoot,leftfoot
6.8894106,9.1895734
10.8111523,12.4450587
