rightfoot,leftfoot
5.1514785,6.119324
7.4252632,8.7655822
