rightfoot,leftfoot
2.6777578,13.0782053
14.878041900000001,16.6531539
18.386748299999997,21.2488983
23.1265757,25.4752247
