rightfoot,leftfoot
6.7325955,7.775606300000001
8.293721699999999,8.9202066
10.3058201,10.824701099999999
