rightfoot,leftfoot
6.5544038,8.5783902
