rightfoot,leftfoot
6.5952803,7.6852459
9.248430800000001,9.7984963
10.442727300000001,10.9361192
11.3989401,12.011252
