rightfoot,leftfoot
8.259563100000001,10.5659755
12.190396100000001,13.9359517
