rightfoot,leftfoot
6.7538811,8.983651700000001
10.5852991,12.226119
