rightfoot,leftfoot
6.6908674999999995,7.8173441
8.400804500000001,8.9326223
9.4919787,11.095746400000001
11.6901566,12.2497111
