rightfoot,leftfoot
6.9136831999999995,7.87556
9.4469217,9.9888014
10.519006000000001,11.0819837
