rightfoot,leftfoot
5.5321015,6.4546402
7.7069661,8.260706800000001
