rightfoot,leftfoot
10.1005761,11.0125821
